{
  "created_at": "2026-06-19T03:21:22.330801+00:00",
  "engine": "pandas",
  "host": "thinkstation1",
  "pandas_version": "2.2.3",
  "results": [
    {
      "checksum": 411155602,
      "cv_pct": 4.819627356208337,
      "max_us": 257976.164,
      "mean_us": 232476.8825,
      "median_us": 232017.1105,
      "min_us": 216855.669,
      "probe_count": 4096,
      "rows": 100000,
      "runs": 50,
      "times_us": [
        233127.589,
        223910.525,
        218682.025,
        224360.387,
        225897.749,
        257976.164,
        218329.488,
        222898.701,
        234734.463,
        240436.701,
        239740.242,
        249601.356,
        237411.994,
        254787.647,
        243222.918,
        217576.914,
        216855.669,
        217347.139,
        235746.111,
        234885.731,
        249941.863,
        225375.933,
        225404.317,
        234971.114,
        237444.177,
        225306.602,
        237474.434,
        238152.789,
        231751.076,
        226787.848,
        239439.376,
        248954.104,
        232283.145,
        238420.136,
        228354.195,
        250190.787,
        227294.639,
        222602.905,
        246878.665,
        221417.31,
        223946.99,
        228424.639,
        253801.825,
        243916.555,
        221367.847,
        220629.188,
        232402.162,
        219817.47,
        225453.424,
        218109.097
      ]
    },
    {
      "checksum": 4093636813,
      "cv_pct": 3.500929009347306,
      "max_us": 1137378.925,
      "mean_us": 1052164.7819400001,
      "median_us": 1050285.432,
      "min_us": 988347.51,
      "probe_count": 4096,
      "rows": 1000000,
      "runs": 50,
      "times_us": [
        1025269.118,
        1014117.443,
        1034095.679,
        1007645.041,
        1076479.035,
        1061943.883,
        1024056.408,
        997745.916,
        1053296.375,
        1048776.268,
        1038328.597,
        1030238.208,
        1003862.343,
        1039788.37,
        1036258.548,
        988347.51,
        991932.321,
        1044707.666,
        996729.551,
        1064717.786,
        1028753.461,
        1086715.098,
        1080230.26,
        1110080.362,
        1048550.062,
        1010533.119,
        1006755.289,
        1063903.726,
        1070698.336,
        1113677.703,
        1042415.481,
        1053186.331,
        1037565.451,
        1075624.268,
        1096411.489,
        1137378.925,
        1072790.251,
        1057958.285,
        1032788.913,
        1003372.907,
        1038877.959,
        1074699.069,
        1051794.596,
        1130539.395,
        1094507.511,
        1103577.1,
        1117276.216,
        1064672.328,
        1066876.835,
        1057692.305
      ]
    }
  ],
  "schema": "frankenpandas.gauntlet.range_asof.pandas.v1",
  "workload": "RangeIndex.asof scalar loop over 4096 deterministic probes"
}
